Workbook
Name StatusOptions: 'Validation Lists'!$A$3:$A$6
Name AssessmentYearOptions: 'Validation Lists'!$B$3:$B$5
Name SlumOptions: 'Validation Lists'!$C$3:$C$4
Name RelationshipOptions: 'Validation Lists'!$D$3:$D$14
Name TaxRateZoneOptions: 'Validation Lists'!$E$3:$E$6
Name OwnershipOptions: 'Validation Lists'!$F$3:$F$7
Name PropertyTypeOptions: 'Validation Lists'!$G$3:$G$15
Name PropertyUseOptions: 'Validation Lists'!$H$3:$H$18
Name SituationOptions: 'Validation Lists'!$I$3:$I$6
Name RoadTypeOptions: 'Validation Lists'!$J$3:$J$8
Name WaterSupplyOptions: 'Validation Lists'!$K$3:$K$4
Name WaterConnectionTypeOptions: 'Validation Lists'!$L$3:$L$15
Name ToiletTypeOptions: 'Validation Lists'!$M$3:$M$10
Name WasteServiceOptions: 'Validation Lists'!$N$3:$N$4
Name ActionOptions: 'Validation Lists'!$O$3:$O$7

Sheet Survey Data
A1: Municipal Property Tax Survey | Data Entry Template
A2: ULB 800797 | Ward code 011 | Property Id = 800797-011-{Parcel No}-{old property Number}-{Property Type} | SN and Property Id are formula-protected | Status is editable for field entry | v1.0
A3: Survey / Workflow | G3: Owner / Respondent | R3: Address Information | W3: Property Classification | AD3: Area Measurements | AG3: Utility Information | AL3: GPS / Location
A4: SN | B4: Status | C4: Surveyor Name | D4: Assessment Year | E4: Property Id | F4: Date of Survey | G4: Owner Name | H4: Owner Father Name | I4: Mobile No | J4: Ward Name | K4: Is Slum | L4: Parcel No | M4: Unit No | N4: old property Number | O4: Constructed Date | P4: Respondent Name | Q4: Respondent Relationship | R4: City | S4: Pincode | T4: House No | U4: Locality | V4: Colony | W4: Tax Rate Zone | X4: Property Ownership | Y4: Property Type | Z4: Property Uses | AA4: Situation | AB4: Road Type | AC4: Floors | AD4: Plot Area SqFt | AE4: Plinth Area SqFt | AF4: Total Built Up Area SqFt | AG4: Is Municipal Water Supply | AH4: Total Water Connection | AI4: Water Connection Id/Type | AJ4: Toilet Type | AK4: Is Municipal Waste Service | AL4: Latitude | AM4: Longitude
A5: =IF(COUNTA($B5:$D5,$F5:$AM5)>0,MAX($A$4:A4)+1,"") | B5: Completed | C5: Amit Verma | D5: 2025-2026 | E5: =IF(OR($L5="",$N5="",TRIM($Y5)=""),"","800797-011-"&TEXT($L5,"0")&"-"&TEXT($N5,"0")&"-"&TRIM($Y5)) | F5: 45820.441 | G5: Ramesh Kumar Sharma | H5: Ram Lal Sharma | I5: 9876501234 | J5: Ward 11 - Gandhi Nagar | K5: no | L5: 125 | M5: 1 | N5: 4587 | O5: 39521 | P5: Ramesh Kumar Sharma | Q5: Self | R5: Etah | S5: 207001 | T5: 12-A | U5: Gandhi Nagar | V5: Shastri Colony | W5: RATE ZONE 1 | X5: Individual (Single/Joint) | Y5: Residential | Z5: Residential Self | AA5: Main Road | AB5: Dambar Road | AC5: 2 | AD5: 1200.5 | AE5: 980.25 | AF5: 1760.75 | AG5: yes | AH5: 1 | AI5: Government Tap | AJ5: Sewer System | AK5: yes | AL5: 27.5583 | AM5: 78.6628
A6: =IF(COUNTA($B6:$D6,$F6:$AM6)>0,MAX($A$4:A5)+1,"") | B6: Draft | C6: Neha Singh | D6: 2025-2026 | E6: =IF(OR($L6="",$N6="",TRIM($Y6)=""),"","800797-011-"&TEXT($L6,"0")&"-"&TEXT($N6,"0")&"-"&TRIM($Y6)) | F6: 45841.674 | G6: Sunrise Traders Pvt Ltd | H6: N/A | I6: 9123456780 | J6: Ward 3 - Nehru Market | K6: no | L6: 210 | M6: 2 | N6: 2201 | O6: 42310 | P6: Sanjay Kapoor | Q6: Other | R6: Etah | S6: 207001 | T6: Shop 4 | U6: Nehru Market | V6: Market Road | W6: RATE ZONE 2 | X6: Limited Company | Y6: Commercial | Z6: Shops/Banks | AA6: Main Market | AB6: RCC Road | AC6: 1 | AD6: 850 | AE6: 820.5 | AF6: 820.5 | AG6: yes | AH6: 2 | AI6: Government Tap | AJ6: Septic Tank | AK6: yes | AL6: 27.5575 | AM6: 78.6631
A7: =IF(COUNTA($B7:$D7,$F7:$AM7)>0,MAX($A$4:A6)+1,"") | B7: Submitted | C7: Pooja Yadav | D7: 2026-2027 | E7: =IF(OR($L7="",$N7="",TRIM($Y7)=""),"","800797-011-"&TEXT($L7,"0")&"-"&TEXT($N7,"0")&"-"&TRIM($Y7)) | F7: 46130.389 | G7: Anita Gupta | H7: Mahesh Gupta | I7: 9988776655 | J7: Ward 7 - Subhash Nagar | K7: no | L7: 88 | M7: 1 | N7: 3104 | O7: 40411 | P7: Rohit Gupta | Q7: Son | R7: Etah | S7: 207002 | T7: 44/2 | U7: Subhash Nagar | V7: Gupta Colony | W7: RATE ZONE 3 | X7: Joint | Y7: Mix | Z7: Mix Property | AA7: Interior | AB7: Interlocking Road | AC7: 3 | AD7: 1500 | AE7: 1100 | AF7: 2650.4 | AG7: yes | AH7: 2 | AI7: Borewell | AJ7: Sewer System | AK7: yes | AL7: 27.5591 | AM7: 78.6642
A8: =IF(COUNTA($B8:$D8,$F8:$AM8)>0,MAX($A$4:A7)+1,"") | B8: Approved | C8: Imran Khan | D8: 2024-2025 | E8: =IF(OR($L8="",$N8="",TRIM($Y8)=""),"","800797-011-"&TEXT($L8,"0")&"-"&TEXT($N8,"0")&"-"&TRIM($Y8)) | F8: 45697.49 | G8: Vikram Singh | H8: Gopal Singh | I8: 9012345678 | J8: Ward 1 - Civil Lines | K8: no | L8: 45 | M8: 1 | N8: 1180 | O8: 35800 | P8: Vikram Singh | Q8: Self | R8: Etah | S8: 207001 | T8: Plot 9 | U8: Civil Lines | V8: Officer Colony | W8: RATE ZONE 4 | X8: Individual (Single/Joint) | Y8: Open Land | Z8: Open Land | AA8: Interior | AB8: Kachcha Road | AC8: 0 | AD8: 2400 | AE8: 0 | AF8: 0 | AG8: no | AH8: 0 | AI8: null | AJ8: No Toilet | AK8: no | AL8: 27.5578 | AM8: 78.6612
A9: =IF(COUNTA($B9:$D9,$F9:$AM9)>0,MAX($A$4:A8)+1,"") | B9: Completed | C9: Amit Verma | D9: 2025-2026 | E9: =IF(OR($L9="",$N9="",TRIM($Y9)=""),"","800797-011-"&TEXT($L9,"0")&"-"&TEXT($N9,"0")&"-"&TRIM($Y9)) | F9: 45891.587 | G9: Sunita Devi | H9: Hari Prasad | I9: 9765432109 | J9: Ward 11 - Gandhi Nagar | K9: no | L9: 312 | M9: 3 | N9: 5612 | O9: 43281 | P9: Sunita Devi | Q9: Wife | R9: Etah | S9: 207001 | T9: 7/B | U9: Bazaar Road | V9: New Market | W9: RATE ZONE 1 | X9: Individual (Single/Joint) | Y9: Shop Bakery | Z9: Bakery | AA9: Main Market | AB9: Dambar Road | AC9: 1 | AD9: 420.75 | AE9: 400.5 | AF9: 400.5 | AG9: yes | AH9: 1 | AI9: Government Tap | AJ9: Connected to Specific Tank | AK9: yes | AL9: 27.5589 | AM9: 78.6654
A10: =IF(COUNTA($B10:$D10,$F10:$AM10)>0,MAX($A$4:A9)+1,"") | B10: Draft | C10: Kavita Joshi | D10: 2026-2027 | E10: =IF(OR($L10="",$N10="",TRIM($Y10)=""),"","800797-011-"&TEXT($L10,"0")&"-"&TEXT($N10,"0")&"-"&TRIM($Y10)) | F10: 46144.528 | G10: Saraswati Education Trust | H10: N/A | I10: 8899001122 | J10: Ward 5 - Jawahar Nagar | K10: no | L10: 67 | M10: 1 | N10: 880 | O10: 37146 | P10: Meena Kumari | Q10: Other | R10: Etah | S10: 207003 | T10: School Campus | U10: Jawahar Nagar | V10: Education Hub | W10: RATE ZONE 2 | X10: Trust Society | Y10: School College | Z10: School College | AA10: Main Road | AB10: RCC Road | AC10: 3 | AD10: 18000 | AE10: 12500 | AF10: 28450.5 | AG10: yes | AH10: 4 | AI10: Government Tap | AJ10: Sewer System | AK10: yes | AL10: 27.5562 | AM10: 78.6608
A11: =IF(COUNTA($B11:$D11,$F11:$AM11)>0,MAX($A$4:A10)+1,"") | B11: Submitted | C11: Ravi Chauhan | D11: 2025-2026 | E11: =IF(OR($L11="",$N11="",TRIM($Y11)=""),"","800797-011-"&TEXT($L11,"0")&"-"&TEXT($N11,"0")&"-"&TRIM($Y11)) | F11: 45914.719 | G11: Abdul Karim | H11: Mohammed Yusuf | I11: 9345678123 | J11: Ward 9 - Basti Area | K11: yes | L11: 401 | M11: 1 | N11: 102 | O11: 34797 | P11: Farhan Ali | Q11: Neighbour | R11: Etah | S11: 207002 | T11: Hut 18 | U11: Basti Area | V11: Ambedkar Basti | W11: RATE ZONE 4 | X11: Individual (Single/Joint) | Y11: Residential | Z11: Residential Rented | AA11: Slum | AB11: Kaccha | AC11: 1 | AD11: 360 | AE11: 320 | AF11: 320 | AG11: no | AH11: 1 | AI11: Dug well | AJ11: Dry/Bucket Latrine | AK11: no | AL11: 27.5554 | AM11: 78.6671
A12: =IF(COUNTA($B12:$D12,$F12:$AM12)>0,MAX($A$4:A11)+1,"") | B12: Approved | C12: Neha Singh | D12: 2024-2025 | E12: =IF(OR($L12="",$N12="",TRIM($Y12)=""),"","800797-011-"&TEXT($L12,"0")&"-"&TEXT($N12,"0")&"-"&TRIM($Y12)) | F12: 45685.58 | G12: Royal Banquet Pvt Ltd | H12: N/A | I12: 9811122233 | J12: Ward 2 - Station Road | K12: no | L12: 156 | M12: 1 | N12: 7741 | O12: 43800 | P12: Priya Verma | Q12: Other | R12: Etah | S12: 207001 | T12: NH-34, Plot 6 | U12: Station Road | V12: Highway Complex | W12: RATE ZONE 1 | X12: Limited Company | Y12: Hotel/Restaurant/Marriage Garden | Z12: Hotel/Restaurant/Marriage Garden | AA12: Main Road | AB12: Dambar Road | AC12: 2 | AD12: 9200 | AE12: 4800 | AF12: 7600.25 | AG12: yes | AH12: 3 | AI12: Borewell | AJ12: Sewer System | AK12: yes | AL12: 27.5602 | AM12: 78.6589
A13: =IF(COUNTA($B13:$D13,$F13:$AM13)>0,MAX($A$4:A12)+1,"") | B13: Completed | C13: Imran Khan | D13: 2025-2026 | E13: =IF(OR($L13="",$N13="",TRIM($Y13)=""),"","800797-011-"&TEXT($L13,"0")&"-"&TEXT($N13,"0")&"-"&TRIM($Y13)) | F13: 45935.368 | G13: Shri Ram Mandir Committee | H13: N/A | I13: 9456123780 | J13: Ward 8 - Mandir Ward | K13: no | L13: 22 | M13: 1 | N13: 19 | O13: 26347 | P13: Suresh Chandra | Q13: Other | R13: Etah | S13: 207001 | T13: Mandir Complex | U13: Old Town | V13: Mandir Gali | W13: RATE ZONE 3 | X13: Religious Body | Y13: Mandir | Z13: Mandir | AA13: Interior | AB13: Interlocking Road | AC13: 1 | AD13: 3100 | AE13: 1450 | AF13: 1450 | AG13: yes | AH13: 1 | AI13: Other | AJ13: Pour-flush pit latrine | AK13: yes | AL13: 27.5586 | AM13: 78.6638
A14: =IF(COUNTA($B14:$D14,$F14:$AM14)>0,MAX($A$4:A13)+1,"") | B14: Draft | C14: Pooja Yadav | D14: 2026-2027 | E14: =IF(OR($L14="",$N14="",TRIM($Y14)=""),"","800797-011-"&TEXT($L14,"0")&"-"&TEXT($N14,"0")&"-"&TRIM($Y14)) | F14: 46139.642 | G14: Agro Mill Industries | H14: N/A | I14: 9001122334 | J14: Ward 4 - Industrial Area | K14: no | L14: 890 | M14: 5 | N14: 6402 | O14: 41109 | P14: Deepak Yadav | Q14: Other | R14: Etah | S14: 207003 | T14: Shed 11 | U14: Industrial Area | V14: SIDCUL Cluster | W14: RATE ZONE 2 | X14: Limited Company | Y14: Industrial/Factory | Z14: Industrial/Factory | AA14: Main Road | AB14: RCC Road | AC14: 1 | AD14: 14500 | AE14: 9800 | AF14: 11200.8 | AG14: yes | AH14: 3 | AI14: Borewell | AJ14: Septic Tank | AK14: yes | AL14: 27.5571 | AM14: 78.6663
A15: =IF(COUNTA($B15:$D15,$F15:$AM15)>0,MAX($A$4:A14)+1,"") | B15: Submitted | C15: Kavita Joshi | D15: 2025-2026 | E15: =IF(OR($L15="",$N15="",TRIM($Y15)=""),"","800797-011-"&TEXT($L15,"0")&"-"&TEXT($N15,"0")&"-"&TRIM($Y15)) | F15: 45972.42 | G15: City Care Hospital Trust | H15: N/A | I15: 9877001122 | J15: Ward 6 - Hospital Road | K15: no | L15: 333 | M15: 1 | N15: 2500 | O15: 42499 | P15: Dr. Rajesh Patel | Q15: Other | R15: Etah | S15: 207001 | T15: Plot 21 | U15: Hospital Road | V15: Medical Campus | W15: RATE ZONE 1 | X15: Trust Society | Y15: Hospital Nursing Pathology | Z15: Hospital Nursing Pathology | AA15: Main Road | AB15: Dambar Road | AC15: 4 | AD15: 22000 | AE15: 14000 | AF15: 38500 | AG15: yes | AH15: 6 | AI15: Government Tap | AJ15: Sewer System | AK15: yes | AL15: 27.561 | AM15: 78.6594
A16: =IF(COUNTA($B16:$D16,$F16:$AM16)>0,MAX($A$4:A15)+1,"") | B16: Approved | C16: Ravi Chauhan | D16: 2024-2025 | E16: =IF(OR($L16="",$N16="",TRIM($Y16)=""),"","800797-011-"&TEXT($L16,"0")&"-"&TEXT($N16,"0")&"-"&TRIM($Y16)) | F16: 45722.403 | G16: Kiran Patel | H16: Ramesh Patel | I16: 9654321098 | J16: Ward 10 - Godown Area | K16: no | L16: 178 | M16: 2 | N16: 4330 | O16: 38648 | P16: Kiran Patel | Q16: Self | R16: Etah | S16: 207002 | T16: Warehouse 3 | U16: Transport Nagar | V16: Godown Cluster | W16: RATE ZONE 3 | X16: Individual (Single/Joint) | Y16: Godown | Z16: Godown | AA16: Interior | AB16: Rcc | AC16: 1 | AD16: 6400 | AE16: 6100 | AF16: 6100 | AG16: no | AH16: 1 | AI16: Other | AJ16: Connected to Surface Drains | AK16: no | AL16: 27.5568 | AM16: 78.6649
... A19: =IF(COUNTA($B19:$D19,$F19:$AM19)>0,MAX($A$4:A18)+1,"") | B19: Submitted | C19: Imran Khan | D19: 2024-2025 | E19: =IF(OR($L19="",$N19="",TRIM($Y19)=""),"","800797-011-"&TEXT($L19,"0")&"-"&TEXT($N19,"0")&"-"&TRIM($Y19)) | F19: 45709.508 | G19: Rajesh Patel | H19: Kiran Patel | I19: 9234567810 | J19: Ward 7 - Subhash Nagar | K19: no | L19: 276 | M19: 1 | N19: 3478 | O19: 40028 | P19: Sita Patel | Q19: Mother | R19: Etah | S19: 207002 | T19: 31/4 | U19: Subhash Nagar | V19: Patel Mohalla | W19: RATE ZONE 3 | X19: Joint | Y19: Residential | Z19: Residential/Commercial | AA19: Interior | AB19: Dambar Road | AC19: 2 | AD19: 980 | AE19: 860.4 | AF19: 1540.2 | AG19: yes | AH19: 1 | AI19: Government Tap | AJ19: Other | AK19: yes | AL19: 27.5598 | AM19: 78.6617
A20: =IF(COUNTA($B20:$D20,$F20:$AM20)>0,MAX($A$4:A19)+1,"") | E20: =IF(OR($L20="",$N20="",TRIM($Y20)=""),"","800797-011-"&TEXT($L20,"0")&"-"&TEXT($N20,"0")&"-"&TRIM($Y20))
A21: =IF(COUNTA($B21:$D21,$F21:$AM21)>0,MAX($A$4:A20)+1,"") | E21: =IF(OR($L21="",$N21="",TRIM($Y21)=""),"","800797-011-"&TEXT($L21,"0")&"-"&TEXT($N21,"0")&"-"&TRIM($Y21))
A22: =IF(COUNTA($B22:$D22,$F22:$AM22)>0,MAX($A$4:A21)+1,"") | E22: =IF(OR($L22="",$N22="",TRIM($Y22)=""),"","800797-011-"&TEXT($L22,"0")&"-"&TEXT($N22,"0")&"-"&TRIM($Y22))
A23: =IF(COUNTA($B23:$D23,$F23:$AM23)>0,MAX($A$4:A22)+1,"") | E23: =IF(OR($L23="",$N23="",TRIM($Y23)=""),"","800797-011-"&TEXT($L23,"0")&"-"&TEXT($N23,"0")&"-"&TRIM($Y23))
A24: =IF(COUNTA($B24:$D24,$F24:$AM24)>0,MAX($A$4:A23)+1,"") | E24: =IF(OR($L24="",$N24="",TRIM($Y24)=""),"","800797-011-"&TEXT($L24,"0")&"-"&TEXT($N24,"0")&"-"&TRIM($Y24))
A25: =IF(COUNTA($B25:$D25,$F25:$AM25)>0,MAX($A$4:A24)+1,"") | E25: =IF(OR($L25="",$N25="",TRIM($Y25)=""),"","800797-011-"&TEXT($L25,"0")&"-"&TEXT($N25,"0")&"-"&TRIM($Y25))
A26: =IF(COUNTA($B26:$D26,$F26:$AM26)>0,MAX($A$4:A25)+1,"") | E26: =IF(OR($L26="",$N26="",TRIM($Y26)=""),"","800797-011-"&TEXT($L26,"0")&"-"&TEXT($N26,"0")&"-"&TRIM($Y26))
A27: =IF(COUNTA($B27:$D27,$F27:$AM27)>0,MAX($A$4:A26)+1,"") | E27: =IF(OR($L27="",$N27="",TRIM($Y27)=""),"","800797-011-"&TEXT($L27,"0")&"-"&TEXT($N27,"0")&"-"&TRIM($Y27))
A28: =IF(COUNTA($B28:$D28,$F28:$AM28)>0,MAX($A$4:A27)+1,"") | E28: =IF(OR($L28="",$N28="",TRIM($Y28)=""),"","800797-011-"&TEXT($L28,"0")&"-"&TEXT($N28,"0")&"-"&TRIM($Y28))
A29: =IF(COUNTA($B29:$D29,$F29:$AM29)>0,MAX($A$4:A28)+1,"") | E29: =IF(OR($L29="",$N29="",TRIM($Y29)=""),"","800797-011-"&TEXT($L29,"0")&"-"&TEXT($N29,"0")&"-"&TRIM($Y29))
A30: =IF(COUNTA($B30:$D30,$F30:$AM30)>0,MAX($A$4:A29)+1,"") | E30: =IF(OR($L30="",$N30="",TRIM($Y30)=""),"","800797-011-"&TEXT($L30,"0")&"-"&TEXT($N30,"0")&"-"&TRIM($Y30))
A31: =IF(COUNTA($B31:$D31,$F31:$AM31)>0,MAX($A$4:A30)+1,"") | E31: =IF(OR($L31="",$N31="",TRIM($Y31)=""),"","800797-011-"&TEXT($L31,"0")&"-"&TEXT($N31,"0")&"-"&TRIM($Y31))
... A84: =IF(COUNTA($B84:$D84,$F84:$AM84)>0,MAX($A$4:A83)+1,"") | E84: =IF(OR($L84="",$N84="",TRIM($Y84)=""),"","800797-011-"&TEXT($L84,"0")&"-"&TEXT($N84,"0")&"-"&TRIM($Y84))

Sheet Validation Lists
A1: Named ranges on this sheet drive dropdowns on Survey Data. Do not delete values.
A2: StatusOptions | B2: AssessmentYearOptions | C2: SlumOptions | D2: RelationshipOptions | E2: TaxRateZoneOptions | F2: OwnershipOptions | G2: PropertyTypeOptions | H2: PropertyUseOptions | I2: SituationOptions | J2: RoadTypeOptions | K2: WaterSupplyOptions | L2: WaterConnectionTypeOptions | M2: ToiletTypeOptions | N2: WasteServiceOptions | O2: ActionOptions
A3: Completed | B3: 2025-2026 | C3: yes | D3: Self | E3: RATE ZONE 1 | F3: Individual (Single/Joint) | G3: Residential | H3: Residential Self | I3: Main Road | J3: Dambar Road | K3: yes | L3: null | M3: No Toilet | N3: yes | O3: Demand Notice
A4: Draft | B4: 2026-2027 | C4: no | D4: Son | E4: RATE ZONE 2 | F4: Limited Company | G4: Commercial | H4: Residential Rented | I4: Main Market | J4: Kachcha Road | K4: no | L4: Government Tap | M4: Connected to Specific Tank | N4: no | O4: Print
A5: Submitted | B5: 2024-2025 | D5: Daughter | E5: RATE ZONE 3 | F5: Trust Society | G5: Open Land | H5: Open Land | I5: Interior | J5: RCC Road | L5: Borewell | M5: Connected to Surface Drains | O5: View
A6: Approved | D6: Wife | E6: RATE ZONE 4 | F6: Religious Body | G6: Mix | H6: Agriculture | I6: Slum | J6: Interlocking Road | L6: Dug well | M6: Dry/Bucket Latrine | O6: Edit
D7: Husband | F7: Joint | G7: Mandir | H7: Shops/Banks | J7: Rcc | L7: Other | M7: Pour-flush pit latrine | O7: Delete
D8: Mother | G8: School College | H8: Industrial/Factory | J8: Kaccha | L8: Sewer System | M8: Other
D9: Father | G9: Hospital Nursing Pathology | H9: Bakery | L9: Septic Tank | M9: Septic Tank
D10: Sister | G10: Mall Showroom | H10: Hotel/Restaurant/Marriage Garden | L10: Surface Drain | M10: Sewer System
D11: Brother | G11: Shop Bakery | H11: Religious Property | L11: No Toilet
D12: Neighbour | G12: Godown | H12: Residential/Commercial | L12: Dry/Bucket Latrine
D13: Other | G13: Industrial/Factory | H13: Commercial | L13: Connected to Specific Tank
D14: N/A | G14: Hotel/Restaurant/Marriage Garden | H14: Mix Property | L14: Connected to Surface Drains
G15: Bakery | H15: Mandir | L15: Pour-flush pit latrine
H16: Godown
H17: School College
H18: Hospital Nursing Pathology

Sheet Survey Progress
A1: Survey Progress Dashboard
A2: Completion is calculated from the 35 user-entered fields (SN and Property Id are excluded because they are formula-generated).
A3: ="Populated"&CHAR(10)&COUNTIF('Survey Data'!A5:A84,">0") | B3: ="Completed"&CHAR(10)&COUNTIF('Survey Data'!B5:B84,"Completed") | C3: ="Draft"&CHAR(10)&COUNTIF('Survey Data'!B5:B84,"Draft") | D3: ="Submitted"&CHAR(10)&COUNTIF('Survey Data'!B5:B84,"Submitted") | E3: ="Approved"&CHAR(10)&COUNTIF('Survey Data'!B5:B84,"Approved") | F3: ="Avg %"&CHAR(10)&TEXT(IFERROR(AVERAGEIF(F5:F84,">0"),0),"0%") | G3: ="Required"&CHAR(10)&37
A4: SN | B4: Property Id | C4: Status | D4: Filled Fields | E4: Total Fields | F4: Completion % | G4: Progress
A5: =IF('Survey Data'!A5="","",'Survey Data'!A5) | B5: =IF('Survey Data'!A5="","",'Survey Data'!E5) | C5: =IF('Survey Data'!A5="","",'Survey Data'!B5) | D5: =IF('Survey Data'!A5="","",COUNTA('Survey Data'!B5:D5,'Survey Data'!F5:AM5)) | E5: =IF('Survey Data'!A5="","",37) | F5: =IF(OR(D5="",E5=""),"",D5/E5) | G5: =IF(F5="","",F5)
A6: =IF('Survey Data'!A6="","",'Survey Data'!A6) | B6: =IF('Survey Data'!A6="","",'Survey Data'!E6) | C6: =IF('Survey Data'!A6="","",'Survey Data'!B6) | D6: =IF('Survey Data'!A6="","",COUNTA('Survey Data'!B6:D6,'Survey Data'!F6:AM6)) | E6: =IF('Survey Data'!A6="","",37) | F6: =IF(OR(D6="",E6=""),"",D6/E6) | G6: =IF(F6="","",F6)
A7: =IF('Survey Data'!A7="","",'Survey Data'!A7) | B7: =IF('Survey Data'!A7="","",'Survey Data'!E7) | C7: =IF('Survey Data'!A7="","",'Survey Data'!B7) | D7: =IF('Survey Data'!A7="","",COUNTA('Survey Data'!B7:D7,'Survey Data'!F7:AM7)) | E7: =IF('Survey Data'!A7="","",37) | F7: =IF(OR(D7="",E7=""),"",D7/E7) | G7: =IF(F7="","",F7)
A8: =IF('Survey Data'!A8="","",'Survey Data'!A8) | B8: =IF('Survey Data'!A8="","",'Survey Data'!E8) | C8: =IF('Survey Data'!A8="","",'Survey Data'!B8) | D8: =IF('Survey Data'!A8="","",COUNTA('Survey Data'!B8:D8,'Survey Data'!F8:AM8)) | E8: =IF('Survey Data'!A8="","",37) | F8: =IF(OR(D8="",E8=""),"",D8/E8) | G8: =IF(F8="","",F8)
A9: =IF('Survey Data'!A9="","",'Survey Data'!A9) | B9: =IF('Survey Data'!A9="","",'Survey Data'!E9) | C9: =IF('Survey Data'!A9="","",'Survey Data'!B9) | D9: =IF('Survey Data'!A9="","",COUNTA('Survey Data'!B9:D9,'Survey Data'!F9:AM9)) | E9: =IF('Survey Data'!A9="","",37) | F9: =IF(OR(D9="",E9=""),"",D9/E9) | G9: =IF(F9="","",F9)
A10: =IF('Survey Data'!A10="","",'Survey Data'!A10) | B10: =IF('Survey Data'!A10="","",'Survey Data'!E10) | C10: =IF('Survey Data'!A10="","",'Survey Data'!B10) | D10: =IF('Survey Data'!A10="","",COUNTA('Survey Data'!B10:D10,'Survey Data'!F10:AM10)) | E10: =IF('Survey Data'!A10="","",37) | F10: =IF(OR(D10="",E10=""),"",D10/E10) | G10: =IF(F10="","",F10)
A11: =IF('Survey Data'!A11="","",'Survey Data'!A11) | B11: =IF('Survey Data'!A11="","",'Survey Data'!E11) | C11: =IF('Survey Data'!A11="","",'Survey Data'!B11) | D11: =IF('Survey Data'!A11="","",COUNTA('Survey Data'!B11:D11,'Survey Data'!F11:AM11)) | E11: =IF('Survey Data'!A11="","",37) | F11: =IF(OR(D11="",E11=""),"",D11/E11) | G11: =IF(F11="","",F11)
A12: =IF('Survey Data'!A12="","",'Survey Data'!A12) | B12: =IF('Survey Data'!A12="","",'Survey Data'!E12) | C12: =IF('Survey Data'!A12="","",'Survey Data'!B12) | D12: =IF('Survey Data'!A12="","",COUNTA('Survey Data'!B12:D12,'Survey Data'!F12:AM12)) | E12: =IF('Survey Data'!A12="","",37) | F12: =IF(OR(D12="",E12=""),"",D12/E12) | G12: =IF(F12="","",F12)
A13: =IF('Survey Data'!A13="","",'Survey Data'!A13) | B13: =IF('Survey Data'!A13="","",'Survey Data'!E13) | C13: =IF('Survey Data'!A13="","",'Survey Data'!B13) | D13: =IF('Survey Data'!A13="","",COUNTA('Survey Data'!B13:D13,'Survey Data'!F13:AM13)) | E13: =IF('Survey Data'!A13="","",37) | F13: =IF(OR(D13="",E13=""),"",D13/E13) | G13: =IF(F13="","",F13)
A14: =IF('Survey Data'!A14="","",'Survey Data'!A14) | B14: =IF('Survey Data'!A14="","",'Survey Data'!E14) | C14: =IF('Survey Data'!A14="","",'Survey Data'!B14) | D14: =IF('Survey Data'!A14="","",COUNTA('Survey Data'!B14:D14,'Survey Data'!F14:AM14)) | E14: =IF('Survey Data'!A14="","",37) | F14: =IF(OR(D14="",E14=""),"",D14/E14) | G14: =IF(F14="","",F14)
A15: =IF('Survey Data'!A15="","",'Survey Data'!A15) | B15: =IF('Survey Data'!A15="","",'Survey Data'!E15) | C15: =IF('Survey Data'!A15="","",'Survey Data'!B15) | D15: =IF('Survey Data'!A15="","",COUNTA('Survey Data'!B15:D15,'Survey Data'!F15:AM15)) | E15: =IF('Survey Data'!A15="","",37) | F15: =IF(OR(D15="",E15=""),"",D15/E15) | G15: =IF(F15="","",F15)
A16: =IF('Survey Data'!A16="","",'Survey Data'!A16) | B16: =IF('Survey Data'!A16="","",'Survey Data'!E16) | C16: =IF('Survey Data'!A16="","",'Survey Data'!B16) | D16: =IF('Survey Data'!A16="","",COUNTA('Survey Data'!B16:D16,'Survey Data'!F16:AM16)) | E16: =IF('Survey Data'!A16="","",37) | F16: =IF(OR(D16="",E16=""),"",D16/E16) | G16: =IF(F16="","",F16)
... A84: =IF('Survey Data'!A84="","",'Survey Data'!A84) | B84: =IF('Survey Data'!A84="","",'Survey Data'!E84) | C84: =IF('Survey Data'!A84="","",'Survey Data'!B84) | D84: =IF('Survey Data'!A84="","",COUNTA('Survey Data'!B84:D84,'Survey Data'!F84:AM84)) | E84: =IF('Survey Data'!A84="","",37) | F84: =IF(OR(D84="",E84=""),"",D84/E84) | G84: =IF(F84="","",F84)

Sheet Actions
A1: Survey Actions (documentation + optional tracker)
A2: Excel cannot host real web buttons without VBA. The Next.js admin app should render Demand Notice, Print, View, Edit and Delete as UI buttons. This sheet is an auxiliary tracker only — it does not change the 37-column Survey Data schema.
A3: Application actions (implement in Next.js, not in this workbook)
A4: Demand Notice — generate / print the municipal demand notice for the selected property (web app).
A5: Print — print the survey summary or notice pack (web app).
A6: View — open the read-only survey record (web app).
A7: Edit — open the survey editor with Clerk-authenticated permissions (web app).
A8: Delete — soft-delete the survey in Postgres (web app; never delete rows here to stay import-safe).
A10: SN | B10: Property Id | C10: Status | D10: Suggested Action | E10: Operator Notes | F10: Implemented in
A11: =IF('Survey Data'!A5="","",'Survey Data'!A5) | B11: =IF('Survey Data'!A5="","",'Survey Data'!E5) | C11: =IF('Survey Data'!A5="","",'Survey Data'!B5) | D11: View | F11: =IF('Survey Data'!A5="","","Next.js UI")
A12: =IF('Survey Data'!A6="","",'Survey Data'!A6) | B12: =IF('Survey Data'!A6="","",'Survey Data'!E6) | C12: =IF('Survey Data'!A6="","",'Survey Data'!B6) | D12: Edit | F12: =IF('Survey Data'!A6="","","Next.js UI")
A13: =IF('Survey Data'!A7="","",'Survey Data'!A7) | B13: =IF('Survey Data'!A7="","",'Survey Data'!E7) | C13: =IF('Survey Data'!A7="","",'Survey Data'!B7) | D13: Demand Notice | F13: =IF('Survey Data'!A7="","","Next.js UI")
A14: =IF('Survey Data'!A8="","",'Survey Data'!A8) | B14: =IF('Survey Data'!A8="","",'Survey Data'!E8) | C14: =IF('Survey Data'!A8="","",'Survey Data'!B8) | D14: Print | F14: =IF('Survey Data'!A8="","","Next.js UI")
A15: =IF('Survey Data'!A9="","",'Survey Data'!A9) | B15: =IF('Survey Data'!A9="","",'Survey Data'!E9) | C15: =IF('Survey Data'!A9="","",'Survey Data'!B9) | D15: View | F15: =IF('Survey Data'!A9="","","Next.js UI")
A16: =IF('Survey Data'!A10="","",'Survey Data'!A10) | B16: =IF('Survey Data'!A10="","",'Survey Data'!E10) | C16: =IF('Survey Data'!A10="","",'Survey Data'!B10) | D16: Edit | F16: =IF('Survey Data'!A10="","","Next.js UI")
A17: =IF('Survey Data'!A11="","",'Survey Data'!A11) | B17: =IF('Survey Data'!A11="","",'Survey Data'!E11) | C17: =IF('Survey Data'!A11="","",'Survey Data'!B11) | D17: View | F17: =IF('Survey Data'!A11="","","Next.js UI")
A18: =IF('Survey Data'!A12="","",'Survey Data'!A12) | B18: =IF('Survey Data'!A12="","",'Survey Data'!E12) | C18: =IF('Survey Data'!A12="","",'Survey Data'!B12) | D18: Demand Notice | F18: =IF('Survey Data'!A12="","","Next.js UI")
A19: =IF('Survey Data'!A13="","",'Survey Data'!A13) | B19: =IF('Survey Data'!A13="","",'Survey Data'!E13) | C19: =IF('Survey Data'!A13="","",'Survey Data'!B13) | D19: View | F19: =IF('Survey Data'!A13="","","Next.js UI")
A20: =IF('Survey Data'!A14="","",'Survey Data'!A14) | B20: =IF('Survey Data'!A14="","",'Survey Data'!E14) | C20: =IF('Survey Data'!A14="","",'Survey Data'!B14) | D20: Edit | F20: =IF('Survey Data'!A14="","","Next.js UI")
A21: =IF('Survey Data'!A15="","",'Survey Data'!A15) | B21: =IF('Survey Data'!A15="","",'Survey Data'!E15) | C21: =IF('Survey Data'!A15="","",'Survey Data'!B15) | F21: =IF('Survey Data'!A15="","","Next.js UI")
A22: =IF('Survey Data'!A16="","",'Survey Data'!A16) | B22: =IF('Survey Data'!A16="","",'Survey Data'!E16) | C22: =IF('Survey Data'!A16="","",'Survey Data'!B16) | F22: =IF('Survey Data'!A16="","","Next.js UI")
A23: =IF('Survey Data'!A17="","",'Survey Data'!A17) | B23: =IF('Survey Data'!A17="","",'Survey Data'!E17) | C23: =IF('Survey Data'!A17="","",'Survey Data'!B17) | F23: =IF('Survey Data'!A17="","","Next.js UI")
A24: =IF('Survey Data'!A18="","",'Survey Data'!A18) | B24: =IF('Survey Data'!A18="","",'Survey Data'!E18) | C24: =IF('Survey Data'!A18="","",'Survey Data'!B18) | F24: =IF('Survey Data'!A18="","","Next.js UI")
A25: =IF('Survey Data'!A19="","",'Survey Data'!A19) | B25: =IF('Survey Data'!A19="","",'Survey Data'!E19) | C25: =IF('Survey Data'!A19="","",'Survey Data'!B19) | F25: =IF('Survey Data'!A19="","","Next.js UI")
A26: =IF('Survey Data'!A20="","",'Survey Data'!A20) | B26: =IF('Survey Data'!A20="","",'Survey Data'!E20) | C26: =IF('Survey Data'!A20="","",'Survey Data'!B20) | F26: =IF('Survey Data'!A20="","","Next.js UI")
A27: =IF('Survey Data'!A21="","",'Survey Data'!A21) | B27: =IF('Survey Data'!A21="","",'Survey Data'!E21) | C27: =IF('Survey Data'!A21="","",'Survey Data'!B21) | F27: =IF('Survey Data'!A21="","","Next.js UI")
A28: =IF('Survey Data'!A22="","",'Survey Data'!A22) | B28: =IF('Survey Data'!A22="","",'Survey Data'!E22) | C28: =IF('Survey Data'!A22="","",'Survey Data'!B22) | F28: =IF('Survey Data'!A22="","","Next.js UI")
A29: =IF('Survey Data'!A23="","",'Survey Data'!A23) | B29: =IF('Survey Data'!A23="","",'Survey Data'!E23) | C29: =IF('Survey Data'!A23="","",'Survey Data'!B23) | F29: =IF('Survey Data'!A23="","","Next.js UI")
A30: =IF('Survey Data'!A24="","",'Survey Data'!A24) | B30: =IF('Survey Data'!A24="","",'Survey Data'!E24) | C30: =IF('Survey Data'!A24="","",'Survey Data'!B24) | F30: =IF('Survey Data'!A24="","","Next.js UI")
A31: =IF('Survey Data'!A25="","",'Survey Data'!A25) | B31: =IF('Survey Data'!A25="","",'Survey Data'!E25) | C31: =IF('Survey Data'!A25="","",'Survey Data'!B25) | F31: =IF('Survey Data'!A25="","","Next.js UI")
A32: =IF('Survey Data'!A26="","",'Survey Data'!A26) | B32: =IF('Survey Data'!A26="","",'Survey Data'!E26) | C32: =IF('Survey Data'!A26="","",'Survey Data'!B26) | F32: =IF('Survey Data'!A26="","","Next.js UI")
... A90: =IF('Survey Data'!A84="","",'Survey Data'!A84) | B90: =IF('Survey Data'!A84="","",'Survey Data'!E84) | C90: =IF('Survey Data'!A84="","",'Survey Data'!B84) | F90: =IF('Survey Data'!A84="","","Next.js UI")

Sheet Field Guide
A1: Field Guide | Excel to NestJS DTO mapping
A2: Stable 37-column contract for import/export. DTO names are camelCase suggestions for apps/api survey DTOs. Aadhaar is documented as a future optional field and is intentionally absent from the primary sheet.
A4: # | B4: Excel Column | C4: Data Type | D4: Required | E4: Validation | F4: Description | G4: Example | H4: NestJS DTO Field | I4: DTO Type
A5: 1 | B5: SN | C5: number | D5: Auto | E5: Formula, protected | F5: Serial number for populated rows | G5: 1 | H5: serialNumber | I5: number
A6: 2 | B6: Status | C6: enum | D6: Yes | E6: Dropdown | F6: Workflow status for field/QC entry | G6: Completed | H6: status | I6: string
A7: 3 | B7: Surveyor Name | C7: text | D7: Yes | E7: Text | F7: Name of the enumerator | G7: Amit Verma | H7: surveyorName | I7: string
A8: 4 | B8: Assessment Year | C8: enum | D8: Yes | E8: Dropdown | F8: Financial assessment year | G8: 2025-2026 | H8: assessmentYear | I8: string
A9: 5 | B9: Property Id | C9: text | D9: Auto | E9: Formula, protected | F9: 800797-011-{parcel}-{oldNo}-{type} | G9: 800797-011-125-4587-Residential | H9: propertyId | I9: string
A10: 6 | B10: Date of Survey | C10: datetime | D10: Yes | E10: Valid date | F10: Capture / submit timestamp | G10: 12-06-2025 10:35 | H10: dateOfSurvey | I10: datetime
A11: 7 | B11: Owner Name | C11: text | D11: Yes | E11: Text | F11: Primary owner or entity name | G11: Ramesh Kumar Sharma | H11: ownerName | I11: string
A12: 8 | B12: Owner Father Name | C12: text | D12: No | E12: Text | F12: Father / husband name; N/A for organisations | G12: Ram Lal Sharma | H12: ownerFatherName | I12: string
A13: 9 | B13: Mobile No | C13: text | D13: Yes | E13: Exactly 10 digits | F13: Stored as text to preserve digits | G13: 9876501234 | H13: mobileNo | I13: string
A14: 10 | B14: Ward Name | C14: text | D14: Yes | E14: Text | F14: Ward display name | G14: Ward 11 - Gandhi Nagar | H14: wardName | I14: string
A15: 11 | B15: Is Slum | C15: enum | D15: Yes | E15: yes / no | F15: Notified slum flag | G15: no | H15: isSlum | I15: string
A16: 12 | B16: Parcel No | C16: number | D16: Yes | E16: Numeric >= 0 | F16: Parcel number used in Property Id | G16: 125 | H16: parcelNo | I16: number
... A43: 39 | B43: Longitude | C43: decimal | D43: No | E43: Decimal -180 to 180, 6 dp | F43: GPS longitude captured by surveyor device | G43: 78.662800 | H43: longitude | I43: number
A44: — | B44: Aadhaar Number (future / optional) | C44: text | D44: No | E44: 12 digits if collected later | F44: NOT in the 37-column primary schema. If the application adds Aadhaar, validate 12 digits, store as text, never publish in sample workbooks, and keep it off exports by default. | G44: XXXXXXXX1234 (masked) | H44: aadhaarNumber | I44: string | null

Sheet Floor Details
A1: Reference | Floor Details
A2: The primary Floors column is a storey count only. Detailed floor-wise area, usage and construction stay here so the 37-column import schema remains stable. Conversion: 1 SqMt = 10.7639104167 SqFt.
A4: SN | B4: Property Id | C4: Floor Position | D4: Area SqFt | E4: Area SqMt | F4: Usage Type | G4: Usage Factor | H4: Construction Type
A5: 1 | B5: ='Survey Data'!E5 | C5: Ground Floor | D5: 625 | E5: =ROUND(D5/10.7639104167,4) | F5: Residential | G5: Self Occupied | H5: Pakka Building with R.C.C Roof or R.B. Roof
A6: 1 | B6: ='Survey Data'!E5 | C6: First Floor | D6: 540 | E6: =ROUND(D6/10.7639104167,4) | F6: Residential | G6: Self Occupied | H6: Pakka Building with R.C.C Roof or R.B. Roof
A7: 2 | B7: ='Survey Data'!E6 | C7: Ground Floor | D7: 820.5 | E7: =ROUND(D7/10.7639104167,4) | F7: Commercial | G7: Rented | H7: Pakka Building with R.C.C Roof or R.B. Roof
A8: 3 | B8: ='Survey Data'!E7 | C8: Ground Floor | D8: 1100 | E8: =ROUND(D8/10.7639104167,4) | F8: Residential | G8: Self Occupied | H8: Pakka Building with R.C.C Roof or R.B. Roof
A9: 3 | B9: ='Survey Data'!E7 | C9: First Floor | D9: 900 | E9: =ROUND(D9/10.7639104167,4) | F9: Commercial | G9: Rented | H9: Pakka Building with R.C.C Roof or R.B. Roof
A10: 3 | B10: ='Survey Data'!E7 | C10: Second Floor | D10: 650.4 | E10: =ROUND(D10/10.7639104167,4) | F10: Residential | G10: Self Occupied | H10: Pakka Building with R.C.C Roof or R.B. Roof
A11: 11 | B11: ='Survey Data'!E15 | C11: Ground Floor | D11: 14000 | E11: =ROUND(D11/10.7639104167,4) | F11: Hospital Nursing Pathology | G11: Self Occupied | H11: Pakka Building with R.C.C Roof or R.B. Roof
A12: 11 | B12: ='Survey Data'!E15 | C12: First Floor | D12: 12000 | E12: =ROUND(D12/10.7639104167,4) | F12: Hospital Nursing Pathology | G12: Self Occupied | H12: Pakka Building with R.C.C Roof or R.B. Roof
A13: 11 | B13: ='Survey Data'!E15 | C13: Second Floor | D13: 6500 | E13: =ROUND(D13/10.7639104167,4) | F13: Hospital Nursing Pathology | G13: Self Occupied | H13: Pakka Building with R.C.C Roof or R.B. Roof
A14: 11 | B14: ='Survey Data'!E15 | C14: Third Floor | D14: 6000 | E14: =ROUND(D14/10.7639104167,4) | F14: Hospital Nursing Pathology | G14: Self Occupied | H14: Pakka Building with R.C.C Roof or R.B. Roof
A16: Legacy narrative example: Ground Floor - 625 SqFt - 58.0644 SqMt || Usage Type - Residential || Usage Factor - Self Occupied || Construction Type - Pakka Building with R.C.C Roof or R.B. Roof. Do not paste this narrative into the Floors column on Survey Data.

Sheet README
A1: README | How to use this workbook
A2: Data-entry / import template for the NestJS + Next.js municipal property survey application. No macros. No password.
A4: Topic | B4: Guidance
A5: How to enter data | B5: Use the Survey Data sheet only for the 39-column record (37 base + Longitude + Latitude). Start from the first empty row after the sample data. Dropdowns appear when you select a cell. Extra blank rows (65) are pre-created so you can type without inserting rows.
A6: Which cells are protected | B6: SN (column A) and Property Id (column E) are locked because they are formulas. The sheet is protected with NO password — developers can Review → Unprotect Sheet. Status is NOT locked; it is a manual workflow dropdown for field entry. If the web application later owns Status, lock that column in the exporter.
A7: How Property Id is generated | B7: Property Id = 800797-011-{Parcel No}-{old property Number}-{Property Type}. Example: 800797-011-125-4587-Residential. If Parcel No, old property Number, or Property Type is blank, the cell stays empty instead of emitting 800797-011---.
A8: How SN is generated | B8: SN increments only for rows that have user-entered values. Completely empty template rows stay blank.
A9: How dropdowns work | B9: Lists live on the hidden Validation Lists sheet and are exposed as named ranges (StatusOptions, PropertyTypeOptions, …). Do not type free-text into dropdown columns if you need a clean import.
A10: How completion percentage works | B10: Survey Progress counts non-empty values among the 37 user-entered fields (39 total minus SN and Property Id). Completion % = Filled Fields / 37. Data bars visualise the ratio.
A11: Which fields are controlled by the application | B11: In production, Property Id is also derived by @workspace/validation formatPropertyId (ULB-Ward-Parcel-Unit-Use). This template uses the requested 800797-011-parcel-oldNo-type pattern for Excel data entry. NestJS should treat Excel Property Id as a source value and re-derive on import when ULB/ward codes are known.
A12: Mapping to NestJS / Next.js | B12: Keep column names and order unchanged. See Field Guide for Excel Column → camelCase DTO → type. The worker import path should map these headers onto the existing survey DTO. Do not add decorative symbols inside data values. Dates are real Excel datetimes.
A13: Actions and progress | B13: Demand Notice / Print / View / Edit / Delete are documented on the Actions sheet. Implement them as Next.js buttons. Do not add VBA.
A14: GPS columns (Longitude / Latitude) | B14: Columns 38–39 store the device GPS fix. Longitude is -180 to 180, Latitude is -90 to 90, both with 6 decimal places (Decimal(9,6) in Prisma). The surveyor mobile app auto-fills these; manual entry is allowed for corrections. Leave blank if GPS was unavailable.
A15: Aadhaar | B15: Aadhaar Number is intentionally omitted from the 39-column schema. The Field Guide describes future 12-digit validation if the product adds it. Sample data contains no Aadhaar values.
... A18: Unavoidable Excel limitations | B18: Excel is not a responsive web UI; wide surveys still need horizontal scrolling. Table auto-expansion of protection/validation on brand-new rows below the pre-created range may require Unprotect Sheet. Conditional formatting cannot draw a physical left-edge bar independently of cell fill, so status colour is a full-row tint plus a stronger Status cell. Named-range dropdowns on a hidden sheet work in Microsoft Excel; some third-party spreadsheet apps may ignore them.
